{"player": {"x": 8.573163658958936, "y": 4.214334995952329, "vel": [2.112496331715812e-06, -1.0177373763723276e-06], "health": 16, "class": "Player", "shield": 0, "weapon": "LMG", "ammo_left": 11, "reloading": false, "reload_timer": -15.090851100013243}, "enemies": [{"x": 12.901345632288564, "y": 8.748686205788198, "vel": [-0.03169803566971474, -0.03320619813473297], "health": 5, "class": "Slow_Zombie"}], "game_stats": {"Zombie Kills": 8, "Coins Earned": 8, "Score": 81, "Wave Reached": "Wave 2", "Rounds Fired": 81, "Grenades Thrown": 3, "Force Pushes Used": 0, "Damage Dealt": 48.0}, "shop_data": {"Owned_Guns": ["Pistol", "LMG"], "Temp_Upgrades": {"Heal": -1, "Shield": 0, "Grenade": 10, "Force Push": 0}, "Player_Object": null, "Coins": 754}, "projectiles": [], "particles": [], "tilemap": {"map_name": "Maps/first.json"}, "camera_pos": [8.573149763793737, 4.2143416908191]}